photo_id,source,date,location,photo_url,description,hue_shift,saturation,brightness,warmth,cloud_cover,humidity,wind_speed,visibility,temperature,pressure,likes,downloads
ih5Kq0XowwY,unsplash_real,2018-01-19,Unknown,https://images.unsplash.com/photo-1516326955207-c992510b289f?crop=entropy&cs=tinysrgb&fit=max&fm=jpg&ixid=M3wxMDg4NjI3fDB8MXxzZWFyY2h8MXx8c3Vuc2V0JTIwZ29sZGVuJTIwaG91cnxlbnwxfHwxfHwxNzkwODA0NTY2fDA&ixlib=rb-4.1.0&q=80&w=1080,Shot this sunset in San Diego while exploring.,20.86956787109375,0.6414343118667603,0.9019607901573181,0.8039215803146362,40.60505911962289,74.27349351509712,10.643048378373157,9.463163814555717,68.38337483203762,1024.1573736761934,948,0
3G4lgBfHIIM,unsplash_real,2019-02-19,Unknown,https://images.unsplash.com/photo-1550573079-b12f15bbfc8c?crop=entropy&cs=tinysrgb&fit=max&fm=jpg&ixid=M3wxMDg4NjI3fDB8MXxzZWFyY2h8Mnx8c3Vuc2V0JTIwZ29sZGVuJTIwaG91cnxlbnwxfHwxfHwxNzkwODA0NTY2fDA&ixlib=rb-4.1.0&q=80&w=1080,Golden Sunset,266.25,0.5546218156814575,0.43921568989753723,0.6235294342041016,24.52680202953153,42.48914022578608,0.23425404328464627,12.361990500644904,63.249513290425455,1015.7296888697634,704,0
iuUf9HZfl14,unsplash_real,2021-03-15,Unknown,https://images.unsplash.com/photo-1615811296323-92323c54395a?crop=entropy&cs=tinysrgb&fit=max&fm=jpg&ixid=M3wxMDg4NjI3fDB8MXxzZWFyY2h8M3x8c3Vuc2V0JTIwZ29sZGVuJTIwaG91cnxlbnwxfHwxfHwxNzkwODA0NTY2fDA&ixlib=rb-4.1.0&q=80&w=1080,,33.451332092285156,0.6046512126922607,0.4941176474094391,0.6411764621734619,44.18501177890628,74.13292627737758,14.297276422597866,10.378404443558592,80.24482134757922,1001.1607369028688,60,0
9Q8flQBapPU,unsplash_real,2021-01-12,Unknown,https://images.unsplash.com/photo-1610485731410-38d3dc456e6b?crop=entropy&cs=tinysrgb&fit=max&fm=jpg&ixid=M3wxMDg4NjI3fDB8MXxzZWFyY2h8NHx8c3Vuc2V0JTIwZ29sZGVuJTIwaG91cnxlbnwxfHwxfHwxNzkwODA0NTY2fDA&ixlib=rb-4.1.0&q=80&w=1080,,21.492536544799805,0.7777777910232544,0.572549045085907,0.7254902124404907,45.33560388934225,66.52058609458403,0.5122028635735865,12.156631732046296,75.07948499899963,1025.034188980321,286,0
YbSKm5qV3Kc,unsplash_real,2023-09-04,Unknown,https://images.unsplash.com/photo-1693790609151-c0bcfb071816?crop=entropy&cs=tinysrgb&fit=max&fm=jpg&ixid=M3wxMDg4NjI3fDB8MXxzZWFyY2h8NXx8c3Vuc2V0JTIwZ29sZGVuJTIwaG91cnxlbnwxfHwxfHwxNzkwODA0NTY2fDA&ixlib=rb-4.1.0&q=80&w=1080,,23.37662124633789,0.45864662528038025,0.3764705955982208,0.6019607782363892,38.66298162409269,62.66371805602205,1.3086201808321252,15.683760196267201,66.59223048483622,1029.1485588429807,39,0
uDFJnn16q_o,unsplash_real,2019-10-15,Unknown,https://images.unsplash.com/photo-1571175351803-9b6b9cadb980?crop=entropy&cs=tinysrgb&fit=max&fm=jpg&ixid=M3wxMDg4NjI3fDB8MXxzZWFyY2h8Nnx8c3Vuc2V0JTIwZ29sZGVuJTIwaG91cnxlbnwxfHwxfHwxNzkwODA0NTY2fDA&ixlib=rb-4.1.0&q=80&w=1080,"Sunset
",34.44444274902344,0.52173912525177,0.6627451181411743,0.7196078300476074,42.326431951414996,72.9227860942872,14.009492090772781,12.568379703415987,78.6271223188128,1025.1056940664114,14,0
Z8Daz6xptVc,unsplash_real,2022-04-03,Unknown,https://images.unsplash.com/photo-1649006775680-e642cabdf0df?crop=entropy&cs=tinysrgb&fit=max&fm=jpg&ixid=M3wxMDg4NjI3fDB8MXxzZWFyY2h8N3x8c3Vuc2V0JTIwZ29sZGVuJTIwaG91cnxlbnwxfHwxfHwxNzkwODA0NTY2fDA&ixlib=rb-4.1.0&q=80&w=1080,,26.31578826904297,0.7272727489471436,0.6980392336845398,0.7882353067398071,40.91140041366886,59.858089473447336,2.1218262817464173,11.628187538767534,59.47216057675256,1024.1096251446218,5,0
J8e_wyKgWm4,unsplash_real,2021-02-09,Unknown,https://images.unsplash.com/photo-1612847951146-28110b045e03?crop=entropy&cs=tinysrgb&fit=max&fm=jpg&ixid=M3wxMDg4NjI3fDB8MXxzZWFyY2h8OHx8c3Vuc2V0JTIwZ29sZGVuJTIwaG91cnxlbnwxfHwxfHwxNzkwODA0NTY2fDA&ixlib=rb-4.1.0&q=80&w=1080,"🌞 Golden Hour
",30.184049606323242,0.8695652484893799,0.42352941632270813,0.6921568512916565,35.23688164324501,52.81035875254534,12.927328211751906,8.435196638114075,67.21027945327972,1003.1478977562153,52,0
NAkW6YP25qc,unsplash_real,2020-08-16,Unknown,https://images.unsplash.com/photo-1597603601283-2ce24ad8cba4?crop=entropy&cs=tinysrgb&fit=max&fm=jpg&ixid=M3wxMDg4NjI3fDB8MXxzZWFyY2h8OXx8c3Vuc2V0JTIwZ29sZGVuJTIwaG91cnxlbnwxfHwxfHwxNzkwODA0NTY2fDA&ixlib=rb-4.1.0&q=80&w=1080,,39.25233840942383,0.413385808467865,0.9882352948188782,0.7980391979217529,44.94820504446697,77.88689235963182,2.246624852277539,11.243205697392568,67.16274179209874,1008.2177670309056,18,0
9cDFYtogFG0,unsplash_real,2021-06-20,Unknown,https://images.unsplash.com/photo-1624212933981-7fd3e1692147?crop=entropy&cs=tinysrgb&fit=max&fm=jpg&ixid=M3wxMDg4NjI3fDB8MXxzZWFyY2h8MTB8fHN1bnNldCUyMGdvbGRlbiUyMGhvdXJ8ZW58MXx8MXx8MTc5MDgwNDU2Nnww&ixlib=rb-4.1.0&q=80&w=1080,,37.142860412597656,0.8235294222831726,0.7058823704719543,0.7843137383460999,60.191854997598256,77.75318224383868,11.56390177982909,11.307863368577914,86.91186619454814,1024.3913545659636,45,0
TIvFLeqZ4ec,unsplash_real,2017-10-21,Unknown,https://images.unsplash.com/photo-1508615039623-a25605d2b022?crop=entropy&cs=tinysrgb&fit=max&fm=jpg&ixid=M3wxMDg4NjI3fDB8MXxzZWFyY2h8MTF8fHN1bnNldCUyMGdvbGRlbiUyMGhvdXJ8ZW58MXx8MXx8MTc5MDgwNDU2Nnww&ixlib=rb-4.1.0&q=80&w=1080,"Prints available at http://bit.ly/cesarprints

I'm releasing my series of sky gradients photography. It's a collection of 16 photos of clear sky gradients from sunrise, sunset, or during the day situations. There's also some long exposure with some drag of the ocean cases. It's a very minimal series that would be great for desktop or mobile wallpapers.",43.40425491333008,0.24468083679676056,0.7137255072593689,0.5843137502670288,50.939684260959865,79.05064658046538,11.875211016091981,10.91363381766131,75.22830162804358,1022.1020037781985,937,0
eptn7NCEEnY,unsplash_real,2019-01-20,Unknown,https://images.unsplash.com/photo-1547975517-aa8c2bcf7eb2?crop=entropy&cs=tinysrgb&fit=max&fm=jpg&ixid=M3wxMDg4NjI3fDB8MXxzZWFyY2h8MTJ8fHN1bnNldCUyMGdvbGRlbiUyMGhvdXJ8ZW58MXx8MXx8MTc5MDgwNDU2Nnww&ixlib=rb-4.1.0&q=80&w=1080,,26.218486785888672,0.6457398533821106,0.7450980544090271,0.7431372404098511,30.080350710338628,66.93213463581543,10.702550053161511,14.480602253519852,68.1321716350084,1027.7392732301746,109,0
BGcJ8z62i2k,unsplash_real,2021-01-12,Unknown,https://images.unsplash.com/photo-1610479368542-c037939ead16?crop=entropy&cs=tinysrgb&fit=max&fm=jpg&ixid=M3wxMDg4NjI3fDB8MXxzZWFyY2h8MTN8fHN1bnNldCUyMGdvbGRlbiUyMGhvdXJ8ZW58MXx8MXx8MTc5MDgwNDU2Nnww&ixlib=rb-4.1.0&q=80&w=1080,"Orange sunset near Koh Chang, Thailand.",29.69696807861328,0.6721311211585999,0.7647058963775635,0.7745097875595093,44.48657599592548,67.69072219685897,2.65696714488735,14.949149521567094,70.06003092684071,1011.6805152788719,313,0
ZCk4O8wr4i8,unsplash_real,2021-02-17,Unknown,https://images.unsplash.com/photo-1613544013390-a73dee8d786e?crop=entropy&cs=tinysrgb&fit=max&fm=jpg&ixid=M3wxMDg4NjI3fDB8MXxzZWFyY2h8MTR8fHN1bnNldCUyMGdvbGRlbiUyMGhvdXJ8ZW58MXx8MXx8MTc5MDgwNDU2Nnww&ixlib=rb-4.1.0&q=80&w=1080,"Ixtapa, Zihuatanejo.
Instagram: @josusotz",40.0,0.3896104097366333,0.37254902720451355,0.5803921818733215,46.35492943767729,76.13230370152598,6.721641884081279,8.816601299362151,77.88742742644092,1007.1992917610578,34,0
cGNpKd-VGcU,unsplash_real,2019-02-08,Unknown,https://images.unsplash.com/photo-1549608276-869958360997?crop=entropy&cs=tinysrgb&fit=max&fm=jpg&ixid=M3wxMDg4NjI3fDB8MXxzZWFyY2h8MTV8fHN1bnNldCUyMGdvbGRlbiUyMGhvdXJ8ZW58MXx8MXx8MTc5MDgwNDU2Nnww&ixlib=rb-4.1.0&q=80&w=1080,The Goan Sunset,27.407405853271484,0.6453900933265686,0.5607843399047852,0.6960784196853638,34.10779827848679,73.05198576197155,7.23598564821967,14.240058154578792,77.98439283318449,1002.3640955640903,45,0
PclsTXKOgHU,unsplash_real,2017-07-10,Unknown,https://images.unsplash.com/photo-1499676277068-4f353b14870b?crop=entropy&cs=tinysrgb&fit=max&fm=jpg&ixid=M3wxMDg4NjI3fDB8MXxzZWFyY2h8MTZ8fHN1bnNldCUyMGdvbGRlbiUyMGhvdXJ8ZW58MXx8MXx8MTc5MDgwNDU2Nnww&ixlib=rb-4.1.0&q=80&w=1080,"When the sun has set, no candle can replace it",6.0,0.8913043737411499,0.13725490868091583,0.5627450942993164,68.34099809774192,50.31890666717733,3.237151606630303,14.266305071409743,57.4704046638346,1012.9062158288824,1127,0
k-TOnVcQrvA,unsplash_real,2023-08-23,Unknown,https://images.unsplash.com/photo-1692713471734-38aa1ffc899e?crop=entropy&cs=tinysrgb&fit=max&fm=jpg&ixid=M3wxMDg4NjI3fDB8MXxzZWFyY2h8MTd8fHN1bnNldCUyMGdvbGRlbiUyMGhvdXJ8ZW58MXx8MXx8MTc5MDgwNDU2Nnww&ixlib=rb-4.1.0&q=80&w=1080,,25.71428680419922,0.5,0.0784313753247261,0.5196078419685364,49.9622181459515,74.8542296371185,5.707353924751851,14.959794534265754,58.98925541308507,1014.7663653605812,2,0
rYf5Ksvz3NY,unsplash_real,2020-03-25,Unknown,https://images.unsplash.com/photo-1585142607408-713d2b748ffb?crop=entropy&cs=tinysrgb&fit=max&fm=jpg&ixid=M3wxMDg4NjI3fDB8MXxzZWFyY2h8MTh8fHN1bnNldCUyMGdvbGRlbiUyMGhvdXJ8ZW58MXx8MXx8MTc5MDgwNDU2Nnww&ixlib=rb-4.1.0&q=80&w=1080,,34.90909194946289,0.3385416865348816,0.6509804129600525,0.6392157077789307,56.93314630795745,58.18565919679942,2.1499827149931807,8.565106990050147,73.25504982518201,1003.0704572337343,84,0
2VMveg_uiDc,unsplash_real,2025-02-01,Unknown,https://images.unsplash.com/photo-1738407272175-6a01c55047c9?crop=entropy&cs=tinysrgb&fit=max&fm=jpg&ixid=M3wxMDg4NjI3fDB8MXxzZWFyY2h8MTl8fHN1bnNldCUyMGdvbGRlbiUyMGhvdXJ8ZW58MXx8MXx8MTc5MDgwNDU2Nnww&ixlib=rb-4.1.0&q=80&w=1080,,27.09677505493164,1.0,0.4156862795352936,0.7078431248664856,38.37011601281335,43.59020330840254,14.18977602238391,11.564229349604108,88.10785983610074,1017.7903876716649,0,0
7gwBja1Kq4A,unsplash_real,2020-04-23,Unknown,https://images.unsplash.com/photo-1587654094848-f0b347e97797?crop=entropy&cs=tinysrgb&fit=max&fm=jpg&ixid=M3wxMDg4NjI3fDB8MXxzZWFyY2h8MjB8fHN1bnNldCUyMGdvbGRlbiUyMGhvdXJ8ZW58MXx8MXx8MTc5MDgwNDU2Nnww&ixlib=rb-4.1.0&q=80&w=1080,Golden sky ,26.853145599365234,0.42799997329711914,0.7568627595901489,0.686274528503418,52.83547264960905,52.91884579636434,0.5125319895962571,13.369279870834475,53.55073641246695,1016.2760686350794,27,0
e13f5YN5pCQ,unsplash_real,2021-06-22,Unknown,https://images.unsplash.com/photo-1624365700883-cc574778eff5?crop=entropy&cs=tinysrgb&fit=max&fm=jpg&ixid=M3wxMDg4NjI3fDB8MXxzZWFyY2h8MjF8fHN1bnNldCUyMGdvbGRlbiUyMGhvdXJ8ZW58MXx8MXx8MTc5MDgwNDg3MHww&ixlib=rb-4.1.0&q=80&w=1080,Beach Vibes,30.370370864868164,0.4223107397556305,0.658823549747467,0.6039215922355652,58.36285895652954,49.35826420614977,10.847320571916615,14.5850415580357,77.74930970380322,1026.3051626910126,66,0
C0QGQKTewjM,unsplash_real,2022-03-05,Unknown,https://images.unsplash.com/photo-1646503474538-2b74022fe22b?crop=entropy&cs=tinysrgb&fit=max&fm=jpg&ixid=M3wxMDg4NjI3fDB8MXxzZWFyY2h8MjJ8fHN1bnNldCUyMGdvbGRlbiUyMGhvdXJ8ZW58MXx8MXx8MTc5MDgwNDg3MHww&ixlib=rb-4.1.0&q=80&w=1080,sunset with a dark forest in the foreground,79.99999237060547,0.26875001192092896,0.6705882549285889,0.47647058963775635,39.29087500984805,79.26878191489064,1.344510895531244,13.46840392384891,59.46939290138167,1002.0806818817955,8,0
Cjxvbp4M6o4,unsplash_real,2020-02-02,Unknown,https://images.unsplash.com/photo-1580662603788-b0548c665e78?crop=entropy&cs=tinysrgb&fit=max&fm=jpg&ixid=M3wxMDg4NjI3fDB8MXxzZWFyY2h8MjN8fHN1bnNldCUyMGdvbGRlbiUyMGhvdXJ8ZW58MXx8MXx8MTc5MDgwNDg3MHww&ixlib=rb-4.1.0&q=80&w=1080,Pacific sunset. ,35.29412078857422,0.37162163853645325,0.6392157077789307,0.5960784554481506,21.69946758323148,66.5479736429672,10.467524698584773,8.939429392715189,58.48340583755096,1018.0075689214707,127,0
tV-JtIaAhe8,unsplash_real,2018-05-18,Unknown,https://images.unsplash.com/photo-1526608708065-67327b382a46?crop=entropy&cs=tinysrgb&fit=max&fm=jpg&ixid=M3wxMDg4NjI3fDB8MXxzZWFyY2h8MjR8fHN1bnNldCUyMGdvbGRlbiUyMGhvdXJ8ZW58MXx8MXx8MTc5MDgwNDg3MHww&ixlib=rb-4.1.0&q=80&w=1080,"Whenever I visit Wisconsin to see the parents, I make it a point to go photograph a sunrise over Lake Michigan. Before the sun came up I was a bit concerned due to the lack of clouds. I’m pleasently surprised how this one turned out. 

Port Washington, WI",25.71428680419922,0.3561643958091736,0.5568627715110779,0.6117647290229797,55.30452595949427,73.96252756467166,12.975945172296983,10.304795502102502,76.97088772592213,1028.0483591071009,87,0
bKZghUNtUIs,unsplash_real,2021-06-06,Unknown,https://images.unsplash.com/photo-1622970706525-e8e5770cd3dd?crop=entropy&cs=tinysrgb&fit=max&fm=jpg&ixid=M3wxMDg4NjI3fDB8MXxzZWFyY2h8MjV8fHN1bnNldCUyMGdvbGRlbiUyMGhvdXJ8ZW58MXx8MXx8MTc5MDgwNDg3MHww&ixlib=rb-4.1.0&q=80&w=1080,,25.80645179748535,0.8636363744735718,0.5098039507865906,0.7137255072593689,61.10198561855858,65.74955515869081,3.5884982905345937,15.916114989174407,71.57107194594542,1000.437497830665,14,0
NmX8kzk5uNs,unsplash_real,2017-10-14,Unknown,https://images.unsplash.com/photo-1507993482586-c837fa4ed916?crop=entropy&cs=tinysrgb&fit=max&fm=jpg&ixid=M3wxMDg4NjI3fDB8MXxzZWFyY2h8MjZ8fHN1bnNldCUyMGdvbGRlbiUyMGhvdXJ8ZW58MXx8MXx8MTc5MDgwNDg3MHww&ixlib=rb-4.1.0&q=80&w=1080,"I love to watch the sunset. Once in the forest observing the golden sunset I thought:  “In the past people worshiped sun as a God , maybe I can try to talk to it and see what will happen”                                                And than I asked it to talk to me and to my surprise sun said  : ” Love all that is alive like me   - this is the way of God ”",35.223880767822266,0.9333333373069763,0.7411764860153198,0.8705882430076599,36.55167839944836,75.41880157640031,9.170203993277608,12.21967974600689,66.57439109587277,1020.2274098198643,47,0
9WkSUpPdmTo,unsplash_real,2022-03-05,Unknown,https://images.unsplash.com/photo-1646503475889-5661ff674520?crop=entropy&cs=tinysrgb&fit=max&fm=jpg&ixid=M3wxMDg4NjI3fDB8MXxzZWFyY2h8Mjd8fHN1bnNldCUyMGdvbGRlbiUyMGhvdXJ8ZW58MXx8MXx8MTc5MDgwNDg3MHww&ixlib=rb-4.1.0&q=80&w=1080,gradient of orange and yellow tones,37.864078521728516,0.8228346705436707,0.9725490212440491,0.9019607901573181,40.49452562940275,79.40101890142178,0.4728731195783653,9.715691252386698,58.92039165936859,1002.6517781705304,19,0
pmowuYbWBbs,unsplash_real,2021-10-09,Unknown,https://images.unsplash.com/photo-1633804324856-6ede90ab7549?crop=entropy&cs=tinysrgb&fit=max&fm=jpg&ixid=M3wxMDg4NjI3fDB8MXxzZWFyY2h8Mjh8fHN1bnNldCUyMGdvbGRlbiUyMGhvdXJ8ZW58MXx8MXx8MTc5MDgwNDg3MHww&ixlib=rb-4.1.0&q=80&w=1080,,39.230770111083984,0.08695651590824127,0.8588235378265381,0.54313725233078,46.18495147986866,47.144348010653786,4.819062944764834,13.43616490605814,50.945135123833396,1015.0114559263432,9,0
bwm26JyAHBk,unsplash_real,2018-11-04,Unknown,https://images.unsplash.com/photo-1541344302578-0ea37e27491d?crop=entropy&cs=tinysrgb&fit=max&fm=jpg&ixid=M3wxMDg4NjI3fDB8MXxzZWFyY2h8Mjl8fHN1bnNldCUyMGdvbGRlbiUyMGhvdXJ8ZW58MXx8MXx8MTc5MDgwNDg3MHww&ixlib=rb-4.1.0&q=80&w=1080,Sunset at the Beach,26.949155807495117,0.31455397605895996,0.6705882549285889,0.6019607782363892,35.070539747507546,77.69497493422608,8.895562010451,8.654410115042044,78.23435274804963,1002.4936611530268,85,0
Lzkmxo55l2A,unsplash_real,2021-04-10,Unknown,https://images.unsplash.com/photo-1618057422471-8ff3c2fb561d?crop=entropy&cs=tinysrgb&fit=max&fm=jpg&ixid=M3wxMDg4NjI3fDB8MXxzZWFyY2h8MzB8fHN1bnNldCUyMGdvbGRlbiUyMGhvdXJ8ZW58MXx8MXx8MTc5MDgwNDg3MHww&ixlib=rb-4.1.0&q=80&w=1080,"Beautiful Sunrise At Small Village At Bhiloda, Gujarat.",60.0,0.30434784293174744,0.5176470875740051,0.5078431367874146,39.299973428677475,47.21722562808022,10.214587057328737,14.332728134108562,70.37337279664584,1001.4880008195695,350,0
zf7RYwSN0Z8,unsplash_real,2019-08-31,Unknown,https://images.unsplash.com/photo-1567234495729-2015d9058e45?crop=entropy&cs=tinysrgb&fit=max&fm=jpg&ixid=M3wxMDg4NjI3fDB8MXxzZWFyY2h8MzF8fHN1bnNldCUyMGdvbGRlbiUyMGhvdXJ8ZW58MXx8MXx8MTc5MDgwNDg3MHww&ixlib=rb-4.1.0&q=80&w=1080,,37.846153259277344,0.3764044940471649,0.615686297416687,0.656862735748291,58.10319501878846,67.07640005930368,3.846378078206523,8.81300373830969,53.97119228012428,1019.5123416672297,61,0
e8vP-DJFrFg,unsplash_real,2018-09-16,Unknown,https://images.unsplash.com/photo-1537085438427-2cc377d12ecf?crop=entropy&cs=tinysrgb&fit=max&fm=jpg&ixid=M3wxMDg4NjI3fDB8MXxzZWFyY2h8MzJ8fHN1bnNldCUyMGdvbGRlbiUyMGhvdXJ8ZW58MXx8MXx8MTc5MDgwNDg3MHww&ixlib=rb-4.1.0&q=80&w=1080,Raglan Sunset,27.303373336791992,0.6451612710952759,0.7019608020782471,0.7490196228027344,49.976581775039584,43.52781658789014,3.4450377746054457,15.379886520992962,52.253186810505255,1025.0016080067435,16,0
nPoVQAlSOZc,unsplash_real,2021-03-09,Unknown,https://images.unsplash.com/photo-1615314570505-8b715dc575f3?crop=entropy&cs=tinysrgb&fit=max&fm=jpg&ixid=M3wxMDg4NjI3fDB8MXxzZWFyY2h8MzN8fHN1bnNldCUyMGdvbGRlbiUyMGhvdXJ8ZW58MXx8MXx8MTc5MDgwNDg3MHww&ixlib=rb-4.1.0&q=80&w=1080,,176.3636474609375,0.38405799865722656,0.5176470875740051,0.5137255191802979,45.840506496316884,78.97827896193778,6.524166940508168,15.262057816422416,77.0627451947844,1021.635811619063,46,0
0GG5p-E3aIA,unsplash_real,2024-09-28,Unknown,https://images.unsplash.com/photo-1727486652906-b3b317832391?crop=entropy&cs=tinysrgb&fit=max&fm=jpg&ixid=M3wxMDg4NjI3fDB8MXxzZWFyY2h8MzR8fHN1bnNldCUyMGdvbGRlbiUyMGhvdXJ8ZW58MXx8MXx8MTc5MDgwNDg3MHww&ixlib=rb-4.1.0&q=80&w=1080,A happy young man smiling & looking at sun on his palm.,19.88372230529785,0.8837209343910217,0.47058823704719543,0.7117646932601929,38.27628815246641,63.00721293194104,7.90538688282868,12.622565786637605,66.20446685816208,1026.523992240378,1,0
1U6dv8NTJi8,unsplash_real,2022-12-15,Unknown,https://images.unsplash.com/photo-1671139204331-809507e0b52d?crop=entropy&cs=tinysrgb&fit=max&fm=jpg&ixid=M3wxMDg4NjI3fDB8MXxzZWFyY2h8MzV8fHN1bnNldCUyMGdvbGRlbiUyMGhvdXJ8ZW58MXx8MXx8MTc5MDgwNDg3MHww&ixlib=rb-4.1.0&q=80&w=1080,,34.97142791748047,1.0,0.48627451062202454,0.7431372404098511,20.20379437937007,52.034106808253114,7.743773395487691,8.266940323291543,73.71927282512169,1020.7664720202691,0,0
cK0iVcfvmR4,unsplash_real,2021-05-29,Unknown,https://images.unsplash.com/photo-1622256013878-8df3b62e61ac?crop=entropy&cs=tinysrgb&fit=max&fm=jpg&ixid=M3wxMDg4NjI3fDB8MXxzZWFyY2h8MzZ8fHN1bnNldCUyMGdvbGRlbiUyMGhvdXJ8ZW58MXx8MXx8MTc5MDgwNDg3MHww&ixlib=rb-4.1.0&q=80&w=1080,Tree silhouette during sunset,39.16167449951172,0.7233201861381531,0.9019607901573181,0.8568627834320068,45.16104468873492,48.96648044530656,9.260263330772412,8.854977891919926,63.38002409378261,1012.4414261370293,7,0
gkJ_oPOhYRc,unsplash_real,2020-01-28,Unknown,https://images.unsplash.com/photo-1580195796227-691a0906526b?crop=entropy&cs=tinysrgb&fit=max&fm=jpg&ixid=M3wxMDg4NjI3fDB8MXxzZWFyY2h8Mzd8fHN1bnNldCUyMGdvbGRlbiUyMGhvdXJ8ZW58MXx8MXx8MTc5MDgwNDg3MHww&ixlib=rb-4.1.0&q=80&w=1080,Swirling water with accompanying sunset,42.46154022216797,0.19230768084526062,0.5254902243614197,0.5745097994804382,32.456903946952266,51.33151208027674,6.374549946543573,9.162398933335016,70.18489208706046,1013.8436428119209,27,0
S5WIkSFBtTA,unsplash_real,2021-01-21,Unknown,https://images.unsplash.com/photo-1611232837571-2465633295f7?crop=entropy&cs=tinysrgb&fit=max&fm=jpg&ixid=M3wxMDg4NjI3fDB8MXxzZWFyY2h8Mzh8fHN1bnNldCUyMGdvbGRlbiUyMGhvdXJ8ZW58MXx8MXx8MTc5MDgwNDg3MHww&ixlib=rb-4.1.0&q=80&w=1080,Peace is seeing a sunset and knowing who to thank.”,337.3584899902344,0.41237112879753113,0.6666666865348816,0.5901960730552673,23.979303396287175,42.97743836347678,2.1681122100579433,15.278758849987153,58.14740987313322,1029.0972242157127,49,0
kY0Sos41ZXs,unsplash_real,2022-06-28,Unknown,https://images.unsplash.com/photo-1656397736758-0f84e6055430?crop=entropy&cs=tinysrgb&fit=max&fm=jpg&ixid=M3wxMDg4NjI3fDB8MXxzZWFyY2h8Mzl8fHN1bnNldCUyMGdvbGRlbiUyMGhvdXJ8ZW58MXx8MXx8MTc5MDgwNDg3MHww&ixlib=rb-4.1.0&q=80&w=1080,"One of the most epic sunsets that i have ever seen. 
See more at: https://www.instagram.com/longlitsense/ ",30.0,0.45041319727897644,0.8039215803146362,0.7372549176216125,59.57609271708593,45.554383099126056,1.1818976384288071,12.109157923108274,85.77714652102172,1025.4035290139825,4,0
suZ_UaCRZGA,unsplash_real,2023-04-07,Unknown,https://images.unsplash.com/photo-1680898288419-fe05c8733bef?crop=entropy&cs=tinysrgb&fit=max&fm=jpg&ixid=M3wxMDg4NjI3fDB8MXxzZWFyY2h8NDB8fHN1bnNldCUyMGdvbGRlbiUyMGhvdXJ8ZW58MXx8MXx8MTc5MDgwNDg3MHww&ixlib=rb-4.1.0&q=80&w=1080,,180.0,0.3054186999797821,0.5372549295425415,0.4941176474094391,39.43430758470845,78.54511088651046,10.33938020268973,14.172087672652022,72.56116528441858,1028.7006890795021,4,0
f1WNo9qfzmo,unsplash_real,2025-04-12,Unknown,https://images.unsplash.com/photo-1744415722575-3139d3f23be0?crop=entropy&cs=tinysrgb&fit=max&fm=jpg&ixid=M3wxMDg4NjI3fDB8MXxzZWFyY2h8NDF8fHN1bnNldCUyMGdvbGRlbiUyMGhvdXJ8ZW58MXx8MXx8MTc5MDgwNDg3MXww&ixlib=rb-4.1.0&q=80&w=1080,,17.43842315673828,1.0,0.6117647290229797,0.8058823347091675,33.076739108274936,60.76958293191539,2.21175845660973,11.694256050162187,87.52151145334139,1026.3637184932502,0,0
GPiWkcNKNNY,unsplash_real,2018-02-12,Unknown,https://images.unsplash.com/photo-1518427937-1c24ee55294f?crop=entropy&cs=tinysrgb&fit=max&fm=jpg&ixid=M3wxMDg4NjI3fDB8MXxzZWFyY2h8NDJ8fHN1bnNldCUyMGdvbGRlbiUyMGhvdXJ8ZW58MXx8MXx8MTc5MDgwNDg3MXww&ixlib=rb-4.1.0&q=80&w=1080,the sea of gold,21.42856788635254,0.47826087474823,0.3019607961177826,0.5843137502670288,26.551195472135298,59.37635867382318,0.9055902866050491,10.040716511054693,63.622775457138275,1018.3445806957598,264,0
OY1ITTYvxko,unsplash_real,2024-11-30,Unknown,https://images.unsplash.com/photo-1732984971214-172c56311c7d?crop=entropy&cs=tinysrgb&fit=max&fm=jpg&ixid=M3wxMDg4NjI3fDB8MXxzZWFyY2h8NDN8fHN1bnNldCUyMGdvbGRlbiUyMGhvdXJ8ZW58MXx8MXx8MTc5MDgwNDg3MXww&ixlib=rb-4.1.0&q=80&w=1080,,39.5121955871582,0.2933012843132019,0.49803921580314636,0.5745097994804382,25.515289313659643,50.867926645759184,4.811276453378829,9.269786570804428,74.18038659302469,1023.4859473892918,0,0
TPp1xmyn08Y,unsplash_real,2020-08-15,Unknown,https://images.unsplash.com/photo-1597491445165-173b5ccc5d62?crop=entropy&cs=tinysrgb&fit=max&fm=jpg&ixid=M3wxMDg4NjI3fDB8MXxzZWFyY2h8NDR8fHN1bnNldCUyMGdvbGRlbiUyMGhvdXJ8ZW58MXx8MXx8MTc5MDgwNDg3MXww&ixlib=rb-4.1.0&q=80&w=1080,,23.437503814697266,0.75,0.615686297416687,0.7333333492279053,69.35731595367773,73.54562673227537,10.763952505044234,14.750620664613473,62.51420067320085,1022.2519782962758,28,0
k0koxEH9TdQ,unsplash_real,2019-01-27,Unknown,https://images.unsplash.com/photo-1548580648-f5ba1c19dcb3?crop=entropy&cs=tinysrgb&fit=max&fm=jpg&ixid=M3wxMDg4NjI3fDB8MXxzZWFyY2h8NDV8fHN1bnNldCUyMGdvbGRlbiUyMGhvdXJ8ZW58MXx8MXx8MTc5MDgwNDg3MXww&ixlib=rb-4.1.0&q=80&w=1080,,18.701297760009766,0.5590550899505615,0.5764706134796143,0.6784313917160034,31.535424490976222,47.07586526604802,0.4550233873224968,11.92214892357267,59.80815482991142,1011.0441351071524,130,0
hBODLOJPTPg,unsplash_real,2023-07-10,Unknown,https://images.unsplash.com/photo-1689020838742-73694fa7b8be?crop=entropy&cs=tinysrgb&fit=max&fm=jpg&ixid=M3wxMDg4NjI3fDB8MXxzZWFyY2h8NDZ8fHN1bnNldCUyMGdvbGRlbiUyMGhvdXJ8ZW58MXx8MXx8MTc5MDgwNDg3MXww&ixlib=rb-4.1.0&q=80&w=1080,,13.220338821411133,0.762886643409729,0.843137264251709,0.8215686082839966,52.12078461790859,74.96290444697438,14.45399245355944,15.82492093281855,85.08222738515262,1005.6671975578153,1,0
ODJ1fhqUVsM,unsplash_real,2021-02-12,Unknown,https://images.unsplash.com/photo-1613143411003-3355e1cdf4df?crop=entropy&cs=tinysrgb&fit=max&fm=jpg&ixid=M3wxMDg4NjI3fDB8MXxzZWFyY2h8NDd8fHN1bnNldCUyMGdvbGRlbiUyMGhvdXJ8ZW58MXx8MXx8MTc5MDgwNDg3MXww&ixlib=rb-4.1.0&q=80&w=1080,,28.0,0.9759036302566528,0.48627451062202454,0.7372549176216125,24.174083055518814,62.87370165107766,13.070499663097044,10.78258236619236,82.22989175981431,1003.721759302552,10,0
MPVPBUV2vvQ,unsplash_real,2024-08-03,Unknown,https://images.unsplash.com/photo-1722676321207-edf09974eb33?crop=entropy&cs=tinysrgb&fit=max&fm=jpg&ixid=M3wxMDg4NjI3fDB8MXxzZWFyY2h8NDh8fHN1bnNldCUyMGdvbGRlbiUyMGhvdXJ8ZW58MXx8MXx8MTc5MDgwNDg3MXww&ixlib=rb-4.1.0&q=80&w=1080,,4.3902435302734375,1.0,0.125490203499794,0.5627450942993164,58.32197907601559,72.02025524223417,14.704615863407659,14.14310739431292,76.38284570375764,1004.1427899775045,3,0
pLXtY3-e-Y8,unsplash_real,2017-03-19,Unknown,https://images.unsplash.com/photo-1489945891631-ec3f0d557901?crop=entropy&cs=tinysrgb&fit=max&fm=jpg&ixid=M3wxMDg4NjI3fDB8MXxzZWFyY2h8NDl8fHN1bnNldCUyMGdvbGRlbiUyMGhvdXJ8ZW58MXx8MXx8MTc5MDgwNDg3MXww&ixlib=rb-4.1.0&q=80&w=1080,,20.510202407836914,0.8591549396514893,0.6039215922355652,0.7647058963775635,55.00873579888675,47.75983749828402,8.320639121340784,11.071926235992784,60.40930714439727,1021.5847481715829,338,0
M2Fvmb1IHmA,unsplash_real,2021-05-10,Unknown,https://images.unsplash.com/photo-1620681487564-25af05648a55?crop=entropy&cs=tinysrgb&fit=max&fm=jpg&ixid=M3wxMDg4NjI3fDB8MXxzZWFyY2h8NTB8fHN1bnNldCUyMGdvbGRlbiUyMGhvdXJ8ZW58MXx8MXx8MTc5MDgwNDg3MXww&ixlib=rb-4.1.0&q=80&w=1080,"If you found this image helpful, put a link to my website in the image caption! [intricateexplorer.com] I appreciate it!",26.25,0.7782608866691589,0.8627451062202454,0.8588235378265381,57.567924738670115,54.95567411461943,10.520504868054092,14.938568655875454,82.1302292973335,1018.7789270715485,14,0
dqe-VzctGtY,unsplash_real,2024-03-18,Unknown,https://images.unsplash.com/photo-1710762633325-dbea5b9fb20d?crop=entropy&cs=tinysrgb&fit=max&fm=jpg&ixid=M3wxMDg4NjI3fDB8MXxzZWFyY2h8NTF8fHN1bnNldCUyMGdvbGRlbiUyMGhvdXJ8ZW58MXx8MXx8MTc5MDgwNDg3MXww&ixlib=rb-4.1.0&q=80&w=1080,,45.11811065673828,0.6548223495483398,0.6980392336845398,0.7647058963775635,48.882303655828736,53.99244914844064,9.560413993055299,15.582226213205782,64.81747770294702,1012.6638560884194,6,0
XTqoc82fBHw,unsplash_real,2017-10-09,Unknown,https://images.unsplash.com/photo-1507581331835-29d5c5997850?crop=entropy&cs=tinysrgb&fit=max&fm=jpg&ixid=M3wxMDg4NjI3fDB8MXxzZWFyY2h8NTJ8fHN1bnNldCUyMGdvbGRlbiUyMGhvdXJ8ZW58MXx8MXx8MTc5MDgwNDg3MXww&ixlib=rb-4.1.0&q=80&w=1080,Nature doing its thing on the Central California Coast.,30.000003814697266,0.3069767355918884,0.9686274528503418,0.7176470756530762,41.885428720599045,49.23457952308321,4.30863818399102,13.75272371670831,51.991812057452094,1006.8073576500412,196,0
zBveIYpwv64,unsplash_real,2021-01-04,Unknown,https://images.unsplash.com/photo-1609737439754-6ac992cb863d?crop=entropy&cs=tinysrgb&fit=max&fm=jpg&ixid=M3wxMDg4NjI3fDB8MXxzZWFyY2h8NTN8fHN1bnNldCUyMGdvbGRlbiUyMGhvdXJ8ZW58MXx8MXx8MTc5MDgwNDg3MXww&ixlib=rb-4.1.0&q=80&w=1080,,20.35714340209961,0.796875,0.16862745583057404,0.5745097994804382,34.281744418075164,56.452204041949706,7.410774337291217,11.365423879602403,75.87813191017335,1022.5615741584128,262,0
3nOphis2od8,unsplash_real,2025-01-04,Unknown,https://images.unsplash.com/photo-1735959264898-3b5b53e20929?crop=entropy&cs=tinysrgb&fit=max&fm=jpg&ixid=M3wxMDg4NjI3fDB8MXxzZWFyY2h8NTR8fHN1bnNldCUyMGdvbGRlbiUyMGhvdXJ8ZW58MXx8MXx8MTc5MDgwNDg3MXww&ixlib=rb-4.1.0&q=80&w=1080,"A beautiful evening in Alappuzha kerala, india.. Those who download this image should click on this link and donate as much as possible to charity. You will not be allowed to download my image unless you make a small donation. https://buymeacoffee.com/ramseena_h",27.983192443847656,1.0,0.23137255012989044,0.615686297416687,43.82790056777532,59.77893017980239,11.728705477913588,10.425327231331273,71.0175116891631,1019.9072307934208,0,0
u-jh6blYQmQ,unsplash_real,2017-11-22,Unknown,https://images.unsplash.com/photo-1511350333854-21bcdf3088c5?crop=entropy&cs=tinysrgb&fit=max&fm=jpg&ixid=M3wxMDg4NjI3fDB8MXxzZWFyY2h8NTV8fHN1bnNldCUyMGdvbGRlbiUyMGhvdXJ8ZW58MXx8MXx8MTc5MDgwNDg3MXww&ixlib=rb-4.1.0&q=80&w=1080,Sunrise,41.574806213378906,0.2222222536802292,0.8117647171020508,0.800000011920929,48.35597912622376,56.99617930218262,1.621870944396056,11.498308411117721,86.97233205085551,1017.4225780450959,554,0
a4No3gFNdUk,unsplash_real,2023-03-17,Unknown,https://images.unsplash.com/photo-1679082310270-4fdaf3c67a7c?crop=entropy&cs=tinysrgb&fit=max&fm=jpg&ixid=M3wxMDg4NjI3fDB8MXxzZWFyY2h8NTZ8fHN1bnNldCUyMGdvbGRlbiUyMGhvdXJ8ZW58MXx8MXx8MTc5MDgwNDg3MXww&ixlib=rb-4.1.0&q=80&w=1080,The sunset over the farm cast such a gorgeous golden color across everything.,41.169044494628906,0.8484848737716675,0.3843137323856354,0.6725490093231201,46.02612612697828,78.51215169590351,9.344182594697173,13.756643439594615,61.9415660455972,1021.0664237492638,0,0
zKG2MFxLGGQ,unsplash_real,2015-06-10,Unknown,https://images.unsplash.com/photo-1433940163434-16e3e1993d95?crop=entropy&cs=tinysrgb&fit=max&fm=jpg&ixid=M3wxMDg4NjI3fDB8MXxzZWFyY2h8NTd8fHN1bnNldCUyMGdvbGRlbiUyMGhvdXJ8ZW58MXx8MXx8MTc5MDgwNDg3MXww&ixlib=rb-4.1.0&q=80&w=1080,,15.0,0.8986486792564392,0.3764705955982208,0.6666666865348816,49.474374464084605,46.714059049772665,9.518250641984979,10.799747746498848,78.98005791091664,1029.7422391996186,207,0
R8Fg4uQfcGc,unsplash_real,2017-10-24,Unknown,https://images.unsplash.com/photo-1508850423487-a439c10183f4?crop=entropy&cs=tinysrgb&fit=max&fm=jpg&ixid=M3wxMDg4NjI3fDB8MXxzZWFyY2h8NTh8fHN1bnNldCUyMGdvbGRlbiUyMGhvdXJ8ZW58MXx8MXx8MTc5MDgwNDg3MXww&ixlib=rb-4.1.0&q=80&w=1080,no filter,18.75,1.0,0.1764705926179886,0.5882353186607361,52.36180570153676,77.20564464705276,4.551231618899097,15.195690722537329,54.5585660686295,1005.8174037777192,222,0
UaKk7D3ZakY,unsplash_real,2019-05-21,Unknown,https://images.unsplash.com/photo-1558426311-5198bbd3d7e3?crop=entropy&cs=tinysrgb&fit=max&fm=jpg&ixid=M3wxMDg4NjI3fDB8MXxzZWFyY2h8NTl8fHN1bnNldCUyMGdvbGRlbiUyMGhvdXJ8ZW58MXx8MXx8MTc5MDgwNDg3MXww&ixlib=rb-4.1.0&q=80&w=1080,,23.076921463012695,0.6170212626457214,0.4901960790157318,0.656862735748291,39.003016979536376,72.38597435932027,11.320159033045236,9.088349025040948,58.07727202610432,1016.4410878514414,38,0
rfipIDrHGAc,unsplash_real,2015-10-19,Unknown,https://images.unsplash.com/photo-1445265059070-c6d7f44a0952?crop=entropy&cs=tinysrgb&fit=max&fm=jpg&ixid=M3wxMDg4NjI3fDB8MXxzZWFyY2h8NjB8fHN1bnNldCUyMGdvbGRlbiUyMGhvdXJ8ZW58MXx8MXx8MTc5MDgwNDg3MXww&ixlib=rb-4.1.0&q=80&w=1080,Melrose orange sunset.,243.33331298828125,0.45614033937454224,0.27843138575553894,0.5254902243614197,25.155481901414618,74.60031237734428,7.963876007316889,9.888526879223772,51.796071842477346,1007.3225263151485,281,0
GwFPvU94UlU,unsplash_real,2020-11-05,Unknown,https://images.unsplash.com/photo-1604617329741-e7540714dc59?crop=entropy&cs=tinysrgb&fit=max&fm=jpg&ixid=M3wxMDg4NjI3fDB8MXxzZWFyY2h8NjF8fHN1bnNldCUyMGdvbGRlbiUyMGhvdXJ8ZW58MXx8MXx8MTc5MDgwNDg3Mnww&ixlib=rb-4.1.0&q=80&w=1080,,26.666667938232422,0.6271185874938965,0.2078431397676468,0.570588231086731,51.70810715977146,63.65056815481901,3.4910890453715915,13.952710271410467,86.12573124775277,1026.6115209479688,5,0
x1ktxELBJls,unsplash_real,2020-08-02,Unknown,https://images.unsplash.com/photo-1596411583943-045fc85e9a6a?crop=entropy&cs=tinysrgb&fit=max&fm=jpg&ixid=M3wxMDg4NjI3fDB8MXxzZWFyY2h8NjJ8fHN1bnNldCUyMGdvbGRlbiUyMGhvdXJ8ZW58MXx8MXx8MTc5MDgwNDg3Mnww&ixlib=rb-4.1.0&q=80&w=1080,,36.8944091796875,0.8717948794364929,0.47058823704719543,0.7215686440467834,48.0213418969014,57.90873538944993,5.1162606631942085,12.692055568747758,65.44729728046292,1012.4829656719799,1,0
obAzWfs4-SQ,unsplash_real,2025-06-03,Unknown,https://images.unsplash.com/photo-1748930042759-bab91d39e09c?crop=entropy&cs=tinysrgb&fit=max&fm=jpg&ixid=M3wxMDg4NjI3fDB8MXxzZWFyY2h8NjN8fHN1bnNldCUyMGdvbGRlbiUyMGhvdXJ8ZW58MXx8MXx8MTc5MDgwNDg3Mnww&ixlib=rb-4.1.0&q=80&w=1080,,204.0,0.17475727200508118,0.4588235318660736,0.5039215683937073,51.0418729887132,41.63784131591625,2.523103883228486,14.094921088113894,82.02485154154351,1017.0312906457754,0,0
yjSLOusvdmg,unsplash_real,2022-01-19,Unknown,https://images.unsplash.com/photo-1642599205779-d31eb4f1bf74?crop=entropy&cs=tinysrgb&fit=max&fm=jpg&ixid=M3wxMDg4NjI3fDB8MXxzZWFyY2h8NjR8fHN1bnNldCUyMGdvbGRlbiUyMGhvdXJ8ZW58MXx8MXx8MTc5MDgwNDg3Mnww&ixlib=rb-4.1.0&q=80&w=1080,,31.764707565307617,0.23076921701431274,0.7843137383460999,0.5901960730552673,28.845863575539486,65.21406719157491,11.2012724594055,12.388738466263606,66.4161965425397,1008.0352509949985,2,0
wEEwhmi4mdc,unsplash_real,2022-04-22,Unknown,https://images.unsplash.com/photo-1650602684325-6568f2d06408?crop=entropy&cs=tinysrgb&fit=max&fm=jpg&ixid=M3wxMDg4NjI3fDB8MXxzZWFyY2h8NjV8fHN1bnNldCUyMGdvbGRlbiUyMGhvdXJ8ZW58MXx8MXx8MTc5MDgwNDg3Mnww&ixlib=rb-4.1.0&q=80&w=1080,Sunset at the Hohewarte Guesthouse in Namibia,39.272727966308594,0.27500003576278687,0.6196078658103943,0.7117646932601929,54.384588336296105,48.2254579903747,8.726481193076685,10.703959404309632,54.25562299554093,1022.3298754800179,5,0
K60S_7Fufhg,unsplash_real,2022-09-21,Unknown,https://images.unsplash.com/photo-1663746393126-e783961041d0?crop=entropy&cs=tinysrgb&fit=max&fm=jpg&ixid=M3wxMDg4NjI3fDB8MXxzZWFyY2h8NjZ8fHN1bnNldCUyMGdvbGRlbiUyMGhvdXJ8ZW58MXx8MXx8MTc5MDgwNDg3Mnww&ixlib=rb-4.1.0&q=80&w=1080,,90.0,0.6076923608779907,0.16862745583057404,0.5156862735748291,45.007815448848675,67.61521944105743,2.422959603603107,11.378722383075008,79.1832421167655,1029.777877592825,165,0
WkPDwgoPCZU,unsplash_real,2020-04-16,Unknown,https://images.unsplash.com/photo-1586995412387-57f65c3e93dc?crop=entropy&cs=tinysrgb&fit=max&fm=jpg&ixid=M3wxMDg4NjI3fDB8MXxzZWFyY2h8Njd8fHN1bnNldCUyMGdvbGRlbiUyMGhvdXJ8ZW58MXx8MXx8MTc5MDgwNDg3Mnww&ixlib=rb-4.1.0&q=80&w=1080,Sunset ,19.636369705200195,0.35999998450279236,0.6745098233222961,0.6019607782363892,51.600778113043866,44.94790927607876,12.438220512317775,9.986165677798091,70.00696132259822,1018.5499979650787,387,0
T10BlhJczyY,unsplash_real,2023-10-17,Unknown,https://images.unsplash.com/photo-1697554995972-1d39a8e5ee3f?crop=entropy&cs=tinysrgb&fit=max&fm=jpg&ixid=M3wxMDg4NjI3fDB8MXxzZWFyY2h8Njh8fHN1bnNldCUyMGdvbGRlbiUyMGhvdXJ8ZW58MXx8MXx8MTc5MDgwNDg3Mnww&ixlib=rb-4.1.0&q=80&w=1080,,15.696939468383789,0.9279279112815857,0.32156863808631897,0.6450980305671692,33.729372030925994,56.348579130139825,12.118126825320342,14.991803916032168,84.54689219680805,1027.179639587139,0,0
ntDBfkOBF4w,unsplash_real,2021-02-28,Unknown,https://images.unsplash.com/photo-1614496909203-ace5de96ba62?crop=entropy&cs=tinysrgb&fit=max&fm=jpg&ixid=M3wxMDg4NjI3fDB8MXxzZWFyY2h8Njl8fHN1bnNldCUyMGdvbGRlbiUyMGhvdXJ8ZW58MXx8MXx8MTc5MDgwNDg3Mnww&ixlib=rb-4.1.0&q=80&w=1080,Chasing the magical Sun✨☀️🌄,28.181821823120117,0.5,0.4745098054409027,0.6843137145042419,40.44070826683031,49.993069463322996,1.090968694007453,15.18410003757123,79.61684015003044,1024.415735412287,12,0
AyajLzatXAI,unsplash_real,2022-01-23,Unknown,https://images.unsplash.com/photo-1642896539169-fb033da7fa17?crop=entropy&cs=tinysrgb&fit=max&fm=jpg&ixid=M3wxMDg4NjI3fDB8MXxzZWFyY2h8NzB8fHN1bnNldCUyMGdvbGRlbiUyMGhvdXJ8ZW58MXx8MXx8MTc5MDgwNDg3Mnww&ixlib=rb-4.1.0&q=80&w=1080,,22.499998092651367,0.5,0.14901961386203766,0.5372549295425415,20.64920892520601,78.35411436067838,3.4539844816627676,12.249190446022617,66.70685507283373,1021.778452811908,6,0
KaEGwCrTDAY,unsplash_real,2024-08-17,Unknown,https://images.unsplash.com/photo-1723875311202-e3635e824bbb?crop=entropy&cs=tinysrgb&fit=max&fm=jpg&ixid=M3wxMDg4NjI3fDB8MXxzZWFyY2h8NzF8fHN1bnNldCUyMGdvbGRlbiUyMGhvdXJ8ZW58MXx8MXx8MTc5MDgwNDg3Mnww&ixlib=rb-4.1.0&q=80&w=1080,,24.897958755493164,0.8947368264198303,0.18431372940540314,0.5823529362678528,45.33407438309625,54.45186946804109,1.3003757343552491,13.741939576938556,52.8174549675431,1013.5006736491412,3,0
6RAJg8Na68U,unsplash_real,2023-05-20,Unknown,https://images.unsplash.com/photo-1684597619632-471f18b09d12?crop=entropy&cs=tinysrgb&fit=max&fm=jpg&ixid=M3wxMDg4NjI3fDB8MXxzZWFyY2h8NzJ8fHN1bnNldCUyMGdvbGRlbiUyMGhvdXJ8ZW58MXx8MXx8MTc5MDgwNDg3Mnww&ixlib=rb-4.1.0&q=80&w=1080,the golden hour of the day (sunset shines on the crops),33.12000274658203,0.9298245906829834,0.9607843160629272,0.9529411792755127,58.95622697201953,46.43468204954986,6.831524029310783,12.362131406236124,53.18282024286096,1017.0745403317433,7,0
TtxAx4xMmdk,unsplash_real,2026-09-28,Unknown,https://images.unsplash.com/photo-1790625204610-ccd4bd012048?crop=entropy&cs=tinysrgb&fit=max&fm=jpg&ixid=M3wxMDg4NjI3fDB8MXxzZWFyY2h8NzN8fHN1bnNldCUyMGdvbGRlbiUyMGhvdXJ8ZW58MXx8MXx8MTc5MDgwNDg3Mnww&ixlib=rb-4.1.0&q=80&w=1080,Namibia,41.25,0.615384578704834,0.7529411911964417,0.7921568751335144,37.55008287619215,65.43030356981865,13.727857253600313,12.355467142811666,57.334690714862745,1015.8473380461932,0,0
2iYwJG0h7Qc,unsplash_real,2022-09-21,Unknown,https://images.unsplash.com/photo-1663760422119-9ea37b8b2340?crop=entropy&cs=tinysrgb&fit=max&fm=jpg&ixid=M3wxMDg4NjI3fDB8MXxzZWFyY2h8NzR8fHN1bnNldCUyMGdvbGRlbiUyMGhvdXJ8ZW58MXx8MXx8MTc5MDgwNDg3Mnww&ixlib=rb-4.1.0&q=80&w=1080,,49.99999237060547,0.7916666865348816,0.20392157137393951,0.5862745046615601,46.26268896579432,76.23504344814951,0.1267147831226484,11.443443883120551,72.63592961676093,1006.7151115338892,2,0
YAAEeUhNTYs,unsplash_real,2021-04-09,Unknown,https://images.unsplash.com/photo-1617965215075-b1f768dc8a61?crop=entropy&cs=tinysrgb&fit=max&fm=jpg&ixid=M3wxMDg4NjI3fDB8MXxzZWFyY2h8NzV8fHN1bnNldCUyMGdvbGRlbiUyMGhvdXJ8ZW58MXx8MXx8MTc5MDgwNDg3Mnww&ixlib=rb-4.1.0&q=80&w=1080,,16.499998092651367,0.7142857313156128,0.4156862795352936,0.6392157077789307,34.535067309281615,69.2034787011434,2.4857313522848856,11.480224885387704,78.16258144651523,1006.7682530905978,31,0
yMmV80hhAf0,unsplash_real,2024-08-06,Unknown,https://images.unsplash.com/photo-1722906774399-8aa99c8006b1?crop=entropy&cs=tinysrgb&fit=max&fm=jpg&ixid=M3wxMDg4NjI3fDB8MXxzZWFyY2h8NzZ8fHN1bnNldCUyMGdvbGRlbiUyMGhvdXJ8ZW58MXx8MXx8MTc5MDgwNDg3Mnww&ixlib=rb-4.1.0&q=80&w=1080,,210.0,0.3793103098869324,0.16470588743686676,0.4745098054409027,56.42308730594581,75.14465626098686,9.932378949919949,11.808247468195049,72.3503510070652,1024.322363655287,13,0
4p0VsZARk4A,unsplash_real,2025-04-14,Unknown,https://images.unsplash.com/photo-1744594310057-6568eba6fbaa?crop=entropy&cs=tinysrgb&fit=max&fm=jpg&ixid=M3wxMDg4NjI3fDB8MXxzZWFyY2h8Nzd8fHN1bnNldCUyMGdvbGRlbiUyMGhvdXJ8ZW58MXx8MXx8MTc5MDgwNDg3Mnww&ixlib=rb-4.1.0&q=80&w=1080,This was taken behind the house where I'm living some views are for free.,24.324323654174805,0.9729729890823364,0.05098039284348488,0.5235294103622437,30.57156373086247,69.32533028431068,14.338355121024723,11.73113045102023,73.81622346919204,1017.37649078323,1,0
llrG_dk2Mfo,unsplash_real,2022-04-22,Unknown,https://images.unsplash.com/photo-1650669486257-0a7d88b1449f?crop=entropy&cs=tinysrgb&fit=max&fm=jpg&ixid=M3wxMDg4NjI3fDB8MXxzZWFyY2h8Nzh8fHN1bnNldCUyMGdvbGRlbiUyMGhvdXJ8ZW58MXx8MXx8MTc5MDgwNDg3Mnww&ixlib=rb-4.1.0&q=80&w=1080,Absolute Gold,41.694915771484375,0.6088889241218567,0.8235294222831726,0.7490196228027344,37.6096362347468,62.814220373398896,7.2134316768015525,12.775489304664681,75.03779440227196,1000.9227494480174,12,0
l0km9IgEjWA,unsplash_real,2020-07-04,Unknown,https://images.unsplash.com/photo-1593862718882-67f2d0670b7b?crop=entropy&cs=tinysrgb&fit=max&fm=jpg&ixid=M3wxMDg4NjI3fDB8MXxzZWFyY2h8Nzl8fHN1bnNldCUyMGdvbGRlbiUyMGhvdXJ8ZW58MXx8MXx8MTc5MDgwNDg3Mnww&ixlib=rb-4.1.0&q=80&w=1080,Golden hour!,41.37930679321289,0.6415094137191772,0.6117647290229797,0.7196078300476074,58.22966302512038,76.39916997184943,1.668211163616324,13.83679729714467,56.94082414891379,1021.5117800929797,309,0
ltshtQ9VxtY,unsplash_real,2025-02-25,Unknown,https://images.unsplash.com/photo-1740512378762-80bca99a82c8?crop=entropy&cs=tinysrgb&fit=max&fm=jpg&ixid=M3wxMDg4NjI3fDB8MXxzZWFyY2h8ODB8fHN1bnNldCUyMGdvbGRlbiUyMGhvdXJ8ZW58MXx8MXx8MTc5MDgwNDg3Mnww&ixlib=rb-4.1.0&q=80&w=1080,,26.05263328552246,0.6851851940155029,0.3764705955982208,0.6431372761726379,49.14296983033921,69.95973748298901,12.7356518158975,11.941374165169947,83.51075134683452,1004.5459023417823,0,0
6RAJg8Na68U,unsplash_real,2023-05-20,Unknown,https://images.unsplash.com/photo-1684597619632-471f18b09d12?crop=entropy&cs=tinysrgb&fit=max&fm=jpg&ixid=M3wxMDg4NjI3fDB8MXxzZWFyY2h8ODF8fHN1bnNldCUyMGdvbGRlbiUyMGhvdXJ8ZW58MXx8MXx8MTc5MDgwNDg3Mnww&ixlib=rb-4.1.0&q=80&w=1080,the golden hour of the day (sunset shines on the crops),33.12000274658203,0.9298245906829834,0.9607843160629272,0.9529411792755127,58.98297852591656,76.87887950564688,11.818921628255886,11.622834539889162,70.53910312124935,1012.0911593226062,7,0
KaEGwCrTDAY,unsplash_real,2024-08-17,Unknown,https://images.unsplash.com/photo-1723875311202-e3635e824bbb?crop=entropy&cs=tinysrgb&fit=max&fm=jpg&ixid=M3wxMDg4NjI3fDB8MXxzZWFyY2h8ODJ8fHN1bnNldCUyMGdvbGRlbiUyMGhvdXJ8ZW58MXx8MXx8MTc5MDgwNDg3Mnww&ixlib=rb-4.1.0&q=80&w=1080,,24.897958755493164,0.8947368264198303,0.18431372940540314,0.5823529362678528,54.14033438038937,57.431360121033684,14.986059219727185,13.390929061162128,66.05555483805072,1001.9965628815524,3,0
TtxAx4xMmdk,unsplash_real,2026-09-28,Unknown,https://images.unsplash.com/photo-1790625204610-ccd4bd012048?crop=entropy&cs=tinysrgb&fit=max&fm=jpg&ixid=M3wxMDg4NjI3fDB8MXxzZWFyY2h8ODN8fHN1bnNldCUyMGdvbGRlbiUyMGhvdXJ8ZW58MXx8MXx8MTc5MDgwNDg3Mnww&ixlib=rb-4.1.0&q=80&w=1080,Namibia,41.25,0.615384578704834,0.7529411911964417,0.7921568751335144,38.341240779152926,64.89541534982882,4.252415246052701,13.9900700303914,60.84349039429533,1005.2662664507964,0,0
2iYwJG0h7Qc,unsplash_real,2022-09-21,Unknown,https://images.unsplash.com/photo-1663760422119-9ea37b8b2340?crop=entropy&cs=tinysrgb&fit=max&fm=jpg&ixid=M3wxMDg4NjI3fDB8MXxzZWFyY2h8ODR8fHN1bnNldCUyMGdvbGRlbiUyMGhvdXJ8ZW58MXx8MXx8MTc5MDgwNDg3Mnww&ixlib=rb-4.1.0&q=80&w=1080,,49.99999237060547,0.7916666865348816,0.20392157137393951,0.5862745046615601,36.65751503482104,47.02842014931881,3.891356644016952,10.82221341367085,69.73938287612127,1020.0097936549344,2,0
YAAEeUhNTYs,unsplash_real,2021-04-09,Unknown,https://images.unsplash.com/photo-1617965215075-b1f768dc8a61?crop=entropy&cs=tinysrgb&fit=max&fm=jpg&ixid=M3wxMDg4NjI3fDB8MXxzZWFyY2h8ODV8fHN1bnNldCUyMGdvbGRlbiUyMGhvdXJ8ZW58MXx8MXx8MTc5MDgwNDg3Mnww&ixlib=rb-4.1.0&q=80&w=1080,,16.499998092651367,0.7142857313156128,0.4156862795352936,0.6392157077789307,53.229338650112126,67.89967116695662,9.483518692512948,15.55864706047374,81.12694882450658,1012.9962295960773,31,0
yMmV80hhAf0,unsplash_real,2024-08-06,Unknown,https://images.unsplash.com/photo-1722906774399-8aa99c8006b1?crop=entropy&cs=tinysrgb&fit=max&fm=jpg&ixid=M3wxMDg4NjI3fDB8MXxzZWFyY2h8ODZ8fHN1bnNldCUyMGdvbGRlbiUyMGhvdXJ8ZW58MXx8MXx8MTc5MDgwNDg3Mnww&ixlib=rb-4.1.0&q=80&w=1080,,210.0,0.3793103098869324,0.16470588743686676,0.4745098054409027,48.55897384780004,70.14201287585556,1.72848127581775,10.453643690598874,52.64845914245911,1029.746963895592,13,0
4p0VsZARk4A,unsplash_real,2025-04-14,Unknown,https://images.unsplash.com/photo-1744594310057-6568eba6fbaa?crop=entropy&cs=tinysrgb&fit=max&fm=jpg&ixid=M3wxMDg4NjI3fDB8MXxzZWFyY2h8ODd8fHN1bnNldCUyMGdvbGRlbiUyMGhvdXJ8ZW58MXx8MXx8MTc5MDgwNDg3Mnww&ixlib=rb-4.1.0&q=80&w=1080,This was taken behind the house where I'm living some views are for free.,24.324323654174805,0.9729729890823364,0.05098039284348488,0.5235294103622437,43.079831732971144,76.31175454620423,2.883719012800386,12.570438825294026,51.67133883784784,1002.6222761064969,1,0
ppTWwGpbui0,unsplash_real,2021-03-21,Unknown,https://images.unsplash.com/photo-1616315110858-03f3330d4f34?crop=entropy&cs=tinysrgb&fit=max&fm=jpg&ixid=M3wxMDg4NjI3fDB8MXxzZWFyY2h8ODh8fHN1bnNldCUyMGdvbGRlbiUyMGhvdXJ8ZW58MXx8MXx8MTc5MDgwNDg3Mnww&ixlib=rb-4.1.0&q=80&w=1080,,43.278690338134766,0.3281249701976776,0.6078431606292725,0.5901960730552673,34.88288531403703,63.72176317911451,8.813387253300423,10.727130343494721,65.43417387400076,1008.1288218952592,2,0
llrG_dk2Mfo,unsplash_real,2022-04-22,Unknown,https://images.unsplash.com/photo-1650669486257-0a7d88b1449f?crop=entropy&cs=tinysrgb&fit=max&fm=jpg&ixid=M3wxMDg4NjI3fDB8MXxzZWFyY2h8ODl8fHN1bnNldCUyMGdvbGRlbiUyMGhvdXJ8ZW58MXx8MXx8MTc5MDgwNDg3Mnww&ixlib=rb-4.1.0&q=80&w=1080,Absolute Gold,41.694915771484375,0.6088889241218567,0.8235294222831726,0.7490196228027344,37.048292137143974,44.247103863686334,12.331831822024084,9.128820411167856,70.28340133633147,1010.0566772377008,12,0
FArOBOjH11Q,unsplash_real,2024-08-28,Unknown,https://images.unsplash.com/photo-1724814816339-69aad874dd92?crop=entropy&cs=tinysrgb&fit=max&fm=jpg&ixid=M3wxMDg4NjI3fDB8MXxzZWFyY2h8OTB8fHN1bnNldCUyMGdvbGRlbiUyMGhvdXJ8ZW58MXx8MXx8MTc5MDgwNDg3Mnww&ixlib=rb-4.1.0&q=80&w=1080,,257.14288330078125,0.22368423640727997,0.572549045085907,0.4901960790157318,57.58010205303142,73.96738059580137,1.1470452724731754,10.037919658043347,84.39664261736952,1026.502374444594,4,0
l0km9IgEjWA,unsplash_real,2020-07-04,Unknown,https://images.unsplash.com/photo-1593862718882-67f2d0670b7b?crop=entropy&cs=tinysrgb&fit=max&fm=jpg&ixid=M3wxMDg4NjI3fDB8MXxzZWFyY2h8OTF8fHN1bnNldCUyMGdvbGRlbiUyMGhvdXJ8ZW58MXx8MXx8MTc5MDgwNDg3Mnww&ixlib=rb-4.1.0&q=80&w=1080,Golden hour!,41.37930679321289,0.6415094137191772,0.6117647290229797,0.7196078300476074,45.94798521084086,69.40489450017076,2.9251446412582482,8.638004210398476,52.977197206583845,1015.5656240703105,309,0
ltshtQ9VxtY,unsplash_real,2025-02-25,Unknown,https://images.unsplash.com/photo-1740512378762-80bca99a82c8?crop=entropy&cs=tinysrgb&fit=max&fm=jpg&ixid=M3wxMDg4NjI3fDB8MXxzZWFyY2h8OTJ8fHN1bnNldCUyMGdvbGRlbiUyMGhvdXJ8ZW58MXx8MXx8MTc5MDgwNDg3Mnww&ixlib=rb-4.1.0&q=80&w=1080,,26.05263328552246,0.6851851940155029,0.3764705955982208,0.6431372761726379,36.41448255902669,62.90318736948082,14.70192630788935,8.24330631847387,85.7772085171937,1027.9698789083056,0,0
yEBjmLfbw7Y,unsplash_real,2024-07-20,Unknown,https://images.unsplash.com/photo-1721444694627-8cabea39967e?crop=entropy&cs=tinysrgb&fit=max&fm=jpg&ixid=M3wxMDg4NjI3fDB8MXxzZWFyY2h8OTN8fHN1bnNldCUyMGdvbGRlbiUyMGhvdXJ8ZW58MXx8MXx8MTc5MDgwNDg3Mnww&ixlib=rb-4.1.0&q=80&w=1080,,41.941749572753906,0.3549783229827881,0.8352941274642944,0.6529411673545837,51.68936298987469,73.18205696487973,3.943407775084739,13.191129981994527,79.84086423713063,1011.4600137941052,0,0
JYD3G2Dbn5E,unsplash_real,2023-11-19,Unknown,https://images.unsplash.com/photo-1700406186409-d3b8699042d8?crop=entropy&cs=tinysrgb&fit=max&fm=jpg&ixid=M3wxMDg4NjI3fDB8MXxzZWFyY2h8OTR8fHN1bnNldCUyMGdvbGRlbiUyMGhvdXJ8ZW58MXx8MXx8MTc5MDgwNDg3Mnww&ixlib=rb-4.1.0&q=80&w=1080,,33.648651123046875,0.6226414442062378,0.3843137323856354,0.6254901885986328,42.857661919719725,57.157084586947164,8.310183034438644,11.828660608246565,69.82223962522481,1017.0641726479283,0,0
YZGrH38Xilo,unsplash_real,2019-07-20,Unknown,https://images.unsplash.com/photo-1563663188161-4799cebfd685?crop=entropy&cs=tinysrgb&fit=max&fm=jpg&ixid=M3wxMDg4NjI3fDB8MXxzZWFyY2h8OTV8fHN1bnNldCUyMGdvbGRlbiUyMGhvdXJ8ZW58MXx8MXx8MTc5MDgwNDg3Mnww&ixlib=rb-4.1.0&q=80&w=1080,Sunset after a storm,22.500003814697266,0.7283464670181274,0.6666666865348816,0.7431372404098511,52.62205975285178,59.564756837474356,7.887969845519566,9.508220351894224,79.99573242333791,1012.7805863553588,145,0
1DWGoQ4JoDo,unsplash_real,2022-04-19,Unknown,https://images.unsplash.com/photo-1650394850853-bad61e0f6c75?crop=entropy&cs=tinysrgb&fit=max&fm=jpg&ixid=M3wxMDg4NjI3fDB8MXxzZWFyY2h8OTZ8fHN1bnNldCUyMGdvbGRlbiUyMGhvdXJ8ZW58MXx8MXx8MTc5MDgwNDg3Mnww&ixlib=rb-4.1.0&q=80&w=1080,24K,32.25,0.8440366983413696,0.5411764979362488,0.7333333492279053,38.201614865170114,78.8481584234941,14.420281746590927,8.584841960425932,88.33680016676303,1022.2736456409393,158,0
5iMVo-VOxVI,unsplash_real,2022-05-10,Unknown,https://images.unsplash.com/photo-1652152026651-0b6d703525d9?crop=entropy&cs=tinysrgb&fit=max&fm=jpg&ixid=M3wxMDg4NjI3fDB8MXxzZWFyY2h8OTd8fHN1bnNldCUyMGdvbGRlbiUyMGhvdXJ8ZW58MXx8MXx8MTc5MDgwNDg3Mnww&ixlib=rb-4.1.0&q=80&w=1080,,27.272727966308594,0.7440944910049438,0.1882352977991104,0.5764706134796143,42.36614764223588,72.75280837107572,9.500300287059865,11.727083827764162,82.17541727104329,1006.2508692723645,3,0
4U2kSoQxCv0,unsplash_real,2023-10-12,Unknown,https://images.unsplash.com/photo-1697135376181-f6b7aac6caf6?crop=entropy&cs=tinysrgb&fit=max&fm=jpg&ixid=M3wxMDg4NjI3fDB8MXxzZWFyY2h8OTh8fHN1bnNldCUyMGdvbGRlbiUyMGhvdXJ8ZW58MXx8MXx8MTc5MDgwNDg3Mnww&ixlib=rb-4.1.0&q=80&w=1080,,36.41379165649414,0.5432098507881165,0.7450980544090271,0.7450980544090271,28.173272906030352,44.63731403063259,5.13736892641014,8.89569009813914,71.76253186139695,1003.5398716939044,4,0
zbMktwg7UtM,unsplash_real,2025-06-12,Unknown,https://images.unsplash.com/photo-1749751131402-798e76a53f88?crop=entropy&cs=tinysrgb&fit=max&fm=jpg&ixid=M3wxMDg4NjI3fDB8MXxzZWFyY2h8OTl8fHN1bnNldCUyMGdvbGRlbiUyMGhvdXJ8ZW58MXx8MXx8MTc5MDgwNDg3Mnww&ixlib=rb-4.1.0&q=80&w=1080,,31.836734771728516,1.0,0.20392157137393951,0.6019607782363892,64.32743554274751,79.26989259931847,2.9360857002203518,9.187221149544694,65.71863348365694,1011.0239964268865,0,0
ySS1f5t5MkA,unsplash_real,2022-10-23,Unknown,https://images.unsplash.com/photo-1666509331669-815924973002?crop=entropy&cs=tinysrgb&fit=max&fm=jpg&ixid=M3wxMDg4NjI3fDB8MXxzZWFyY2h8MTAwfHxzdW5zZXQlMjBnb2xkZW4lMjBob3VyfGVufDF8fDF8fDE3OTA4MDQ4NzJ8MA&ixlib=rb-4.1.0&q=80&w=1080,,31.00478744506836,0.8543307185173035,0.800000011920929,0.8549019694328308,43.960406767484365,57.58266305995059,4.623720354447501,14.687867198255143,50.83194643546131,1023.1190728195492,0,0
